player,team,xt,n
Lionel Andrés Messi Cuccittini,Argentina,5.801872522598701,1424
Joshua Kimmich,Germany,5.167464874317513,1996
Luka Modrić,Croatia,4.929167114990632,2642
Antoine Griezmann,France,4.913563940062626,1485
Kevin De Bruyne,Belgium,4.854879370604817,1456
Toni Kroos,Germany,4.768539585789427,2156
Kieran Trippier,England,4.680632509522355,1647
Kylian Mbappé Lottin,France,4.656612069734393,1430
Neymar da Silva Santos Junior,Brazil,4.419189766329248,861
James David Rodríguez Rubio,Colombia,3.9738111244159167,636
Ricardo Iván Rodríguez Araya,Switzerland,3.9441097439629758,1500
Bruno Miguel Borges Fernandes,Portugal,3.4267979578521777,1049
Luke Shaw,England,3.3529974928977055,1398
Xherdan Shaqiri,Switzerland,3.2301806807850424,814
Ivan Perišić,Croatia,3.2153501607078545,983
Ousmane Dembélé,France,3.2080473416036974,801
Ángel Fabián Di María Hernández,Argentina,3.1279767732397357,756
Vladimír Coufal,Czech Republic,3.1212529241090943,662
Aymeric Laporte,Spain,3.0820178876361704,2793
Christian Dannemann Eriksen,Denmark,2.967830794973098,1034
Jordi Alba Ramos,Spain,2.8948731729626473,2221
Hakim Ziyech,Morocco,2.819476620723421,908
Dušan Tadić,Serbia,2.818902177037773,496
Cody Mathès Gakpo,Netherlands,2.7083711004737796,479
Achraf Hakimi Mouh,Morocco,2.7009649761846344,1206
Raphaël Adelino José Guerreiro,Portugal,2.691539803400307,1100
Memphis Depay,Netherlands,2.6461976571518813,750
Raphael Dias Belloli,Brazil,2.404742036601351,432
Piotr Zieliński,Poland,2.3257353443534114,918
Harry Maguire,England,2.2524425609633854,2027
Lamine Yamal Nasraoui Ebana,Spain,2.2481218350248806,399
Daniel Olmo Carvajal,Spain,2.165288670390693,1061
Ali Maâloul,Tunisia,2.1295006558662495,359
Joakim Mæhle,Denmark,2.103555440173178,1076
Eden Hazard,Belgium,2.0691155579272764,936
Jeremy Doku,Belgium,2.040851830168816,429
John Stones,England,2.012965040550372,3473
Temitayo Olufisayo Olaoluwa Aina,Nigeria,2.0011494516028687,390
Jamal Musiala,Germany,1.9687958364012066,639
Federico Santiago Valverde Dipetta,Uruguay,1.9396068298712574,796
Antonio Rüdiger,Germany,1.9374172358076898,1816
Nicholas Williams Arthuer,Spain,1.8893033275407722,552
Bukayo Saka,England,1.887524410946826,869
Kyle Walker,England,1.8843874044481141,2527
Daley Blind,Netherlands,1.8600989970559558,988
Mateo Kovačić,Croatia,1.851360281708208,1795
Paul Pogba,France,1.8460491875800316,1046
Joško Gvardiol,Croatia,1.817302474988531,1514
Josip Juranović,Croatia,1.8003494850339166,878
Georges-Kévin Nkoudou Mbida,Cameroon,1.7994137310959863,242
Theo Bernard François Hernández,France,1.7953868767001344,1238
Aleksandr Golovin,Russia,1.7739982327144277,420
Pierre-Emile Højbjerg,Denmark,1.7492702402478884,1596
Manuel Obafemi Akanji,Switzerland,1.7434847328728817,1968
Jordan Pickford,England,1.7265442964478972,1255
Vinícius José Paixão de Oliveira Júnior,Brazil,1.7212142366890018,353
Granit Xhaka,Switzerland,1.7018319783516151,2208
Ivan Rakitić,Croatia,1.7005006131711864,674
Christian Pulisic,United States,1.6884577000526775,387
Francisco Román Alarcón Suárez,Spain,1.682212474539516,873
Andrew Robertson,Scotland,1.6771464963393898,383
Ademola Lookman,Nigeria,1.6712666869919686,236
Pedro González López,Spain,1.6594482259832588,1794
Ismaïla Sarr,Senegal,1.64824905818022,422
Aurélien Djani Tchouaméni,France,1.6466554682414656,1503
Jorge Resurrección Merodio,Spain,1.645886523007752,1307
Thomas Meunier,Belgium,1.6291610623869266,922
Juan Fernando Quintero Paniagua,Colombia,1.6084125801201943,373
Raheem Sterling,England,1.5931549744916744,815
Giorgian Daniel De Arrascaeta Benedetti,Uruguay,1.5897296109711117,270
Simon Adingra,Côte d'Ivoire,1.5818069187498214,154
Lorenzo Insigne,Italy,1.5658461515962345,571
Arda Güler,Turkey,1.5332332608169374,350
Federico Chiesa,Italy,1.5297663856193298,418
Rodrigo Hernández Cascante,Spain,1.5254377698208959,2282
Toby Alderweireld,Belgium,1.5207325150998627,1763
Antonee Robinson,United States,1.5126454534872014,546
Bernardo Mota Veiga de Carvalho e Silva,Portugal,1.5035142029592738,1382
Kléper Laveran Lima Ferreira,Portugal,1.4950035586857402,1921
Nahitan Michel Nández Acosta,Uruguay,1.4934198304904223,510
Ferrán Torres García,Spain,1.4766211806394387,522
Ruben Vargas,Switzerland,1.475668001479335,486
Jens Stryger Larsen,Denmark,1.4750126145219997,416
Krépin Diatta,Senegal,1.469397339097895,388
Mason Mount,England,1.464386816070322,442
Marcos Aoás Corrêa,Brazil,1.4589534915261815,1105
Sofiane Boufal,Morocco,1.4559169091467798,401
Hirving Rodrigo Lozano Bahena,Mexico,1.4519080661952108,338
Raphaël Varane,France,1.4486028089345417,1495
Alfredo Kulembe Ribeiro,Angola,1.4369691109928064,274
Rúben Santos Gato Alves Dias,Portugal,1.4246749674011185,1700
Andrija Živković,Serbia,1.3915199527479636,399
Mikkel Damsgaard,Denmark,1.3693447865804231,385
Diego Nicolás De La Cruz Arcosa,Uruguay,1.3686868713053084,289
Kasper Schmeichel,Denmark,1.3668072871899455,607
Arthur Masuaku,Congo DR,1.3601817187559166,553
Rodrigo Javier De Paul,Argentina,1.3557008820405556,1409
Šime Vrsaljko,Croatia,1.3523456674471088,707
Dries Mertens,Belgium,1.3512499108447802,336
Leroy Sané,Germany,1.3376842508161655,377
Mário Figueira Fernandes,Russia,1.3376484029349898,431
N'Golo Kanté,France,1.3218665412453032,1520
Gareth Frank Bale,Wales,1.3172486069812293,246
Johan Andrés Mojica Palacio,Colombia,1.3164685881547094,829
Marcel Sabitzer,Austria,1.3112269289747274,661
Hakan Çalhanoğlu,Turkey,1.3102229161270533,686
Ruslan Malinovskiy,Ukraine,1.3060735835862696,261
Chancel Mbemba Mangulu,Congo DR,1.2984660441260125,551
Yannick Ferreira Carrasco,Belgium,1.2913648259930524,528
Denzel Dumfries,Netherlands,1.290451857732458,919
Erick Javier Davis Grajales,Panama,1.28517618938943,449
Jules Koundé,France,1.2843832867208962,1160
Aaron Mooy,Australia,1.281693489035741,630
Luis Gerardo Chávez Magallón,Mexico,1.2711140230722655,424
Moisés Isaac Caicedo Corozo,Ecuador,1.2706255776197708,521
David Raum,Germany,1.2500601320822857,423
Teboho Mokoena,South Africa,1.2478719848566653,675
Dejan Lovren,Croatia,1.2406384714892031,1519
Weston McKennie,United States,1.2352892267150506,357
Thorgan Hazard,Belgium,1.2176474862111792,622
Gylfi Þór Sigurðsson,Iceland,1.212953999012581,177
Alphonso Davies,Canada,1.212869343995844,546
Nicolás Hernán Otamendi,Argentina,1.2122093542335008,1630
Jordan Ayew,Ghana,1.211930018671826,228
Sergio Busquets i Burgos,Spain,1.2062947557593728,1483
Zaidu Sanusi,Nigeria,1.2026461918399236,228
Giovanni Di Lorenzo,Italy,1.1981184677094718,1076
Sadio Mané,Senegal,1.1865192013528731,428
Aubrey Maphosa Modiba,South Africa,1.1770373675751582,657
Youssouf Sabaly,Senegal,1.1766884474886536,528
Alistair Johnston,Canada,1.1745212735100896,677
Nathan Aké,Netherlands,1.1713562332733314,1110
Rafael Alexandre Conceição Leão,Portugal,1.1686415503942784,299
Mikael Lustig,Sweden,1.163170888328703,378
Philippe Coutinho Correia,Brazil,1.143993735005641,602
Fabian Lukas Schär,Switzerland,1.1429994099454048,1106
Kalidou Koulibaly,Senegal,1.1389931519190015,809
Adrien Rabiot,France,1.1336310571126664,1237
Aguibou Camara,Guinea,1.1275443118208262,286
Cristiano Ronaldo dos Santos Aveiro,Portugal,1.1271070027348697,750
César Azpilicueta Tanco,Spain,1.1187697953810698,830
Przemysław Frankowski,Poland,1.1130579333810222,388
Mats Hummels,Germany,1.1111216560646833,704
Yeferson Julio Soteldo Martínez,Venezuela,1.1058041865102874,197
David Olatukunbo Alaba,Austria,1.1045281721331486,524
Azzedine Ounahi,Morocco,1.1043971649488158,885
Rodrygo Silva de Goes,Brazil,1.0992912746994847,401
Meschak Elia,Congo DR,1.093822671600959,195
Heung-Min Son,South Korea,1.0912816798047615,368
Thiago Emiliano da Silva,Brazil,1.080977868486107,1090
Ramin Rezaeian,Iran,1.0742325542212023,255
Joachim Andersen,Denmark,1.0725858444695417,943
Leonardo Spinazzola,Italy,1.0668940393811583,353
Marcelo Brozović,Croatia,1.0610218944424163,2192
Salem Mohammed Al Dawsari,Saudi Arabia,1.0599647826353322,544
Kai Havertz,Germany,1.0527620362204682,484
Benjamin Pavard,France,1.049950581170295,943
João Pedro Cavaco Cancelo,Portugal,1.0476413067594552,884
Hugo Lloris,France,1.0457965662672981,478
Mohamed Hany Gamal Eldemerdash,Egypt,1.0442403272488645,265
Jan Vertonghen,Belgium,1.0418477564886723,1898
Remo Freuler,Switzerland,1.0382396271742966,1035
Breel-Donald Embolo,Switzerland,1.0355260896419658,530
Mathías Olivera Miramontes,Uruguay,1.0310775527182336,576
Sebastian Larsson,Sweden,1.0280858929694052,412
João Félix Sequeira,Portugal,1.0276667773370696,392
Daniel James,Wales,1.0247188557626925,178
Yassine Meriah,Tunisia,1.0199674218580128,825
César Jasib Montes Castro,Mexico,1.0122574393525823,535
Danilo Luiz da Silva,Brazil,1.0110462016643502,926
Mahmoud Ibrahim Hassan,Egypt,1.0077617303689426,314
Pau Francisco Torres,Spain,1.003090991130469,1099
Declan Rice,England,1.003063275294473,2039
Mykola Matvienko,Ukraine,0.9944340381278065,1019
Romain Saïss,Morocco,0.9930161303876858,698
Virgil van Dijk,Netherlands,0.9925524576712724,1181
Harry Kane,England,0.9913477412269373,848
Ghislain Konan,Côte d'Ivoire,0.9892084070089687,625
Gedeon Kalulu Kyatengwa,Congo DR,0.9869714173360619,383
Rodrigo Bentancur Colmán,Uruguay,0.978697642577473,776
Jack Grealish,England,0.9775315957449886,253
Bartosz Bereszyński,Poland,0.9744014722587919,653
Antonín Barák,Czech Republic,0.9741313266099936,210
Daniel Carvajal Ramos,Spain,0.9731498650229703,1044
Mohamed Youcef Belaïli,Algeria,0.972653959057827,199
Juan Guillermo Cuadrado Bello,Colombia,0.9683735500567359,328
Issa Kabore,Burkina Faso,0.9621148072331838,275
Moses Daddy-Ajala Simon,Nigeria,0.9620652531649988,232
Vitor Machado Ferreira,Portugal,0.9620589685208533,794
Roland Sallai,Hungary,0.9554226123535584,231
Jordan Brian Henderson,England,0.9553896404495067,910
Deon Hotto Kavendji,Namibia,0.9534969399555137,221
Marcelo Vieira da Silva Júnior,Brazil,0.9525895806244791,495
Jérôme Boateng,Germany,0.9413276790065155,328
Jamiro Gregory Monteiro Alvarenga,Cape Verde Islands,0.9403928493287852,283
Stefan Posch,Austria,0.9401424457534734,323
Jean-Charles Castelletto,Cameroon,0.9318950719827531,469
Youri Tielemans,Belgium,0.9273466990671883,877
Andrés Iniesta Luján,Spain,0.9230671291410322,487
Christoph Baumgartner,Austria,0.9218205947709344,355
Jude Bellingham,England,0.921143974396275,1213
Sergino Dest,United States,0.9188995890210527,358
Musa Barrow,Gambia,0.9174665888491302,187
Sergio Ramos García,Spain,0.9140469746477352,859
Nacer Chadli,Belgium,0.9133616611227954,422
Nicolás Alejandro Tagliafico,Argentina,0.9074782516945362,1087
Donyell Malen,Netherlands,0.906329307358052,222
Gerard Piqué Bernabéu,Spain,0.902706359186868,609
Andreas Christensen,Denmark,0.9002646935821907,1639
Dayotchanculle Upamecano,France,0.8983562566961899,1216
Michael Amir Murillo Bermudez,Panama,0.8983033337953983,396
Héctor Miguel Herrera López,Mexico,0.8976486049986786,516
Domenico Berardi,Italy,0.8951216242688426,238
Borna Sosa,Croatia,0.8913159271908884,436
Frenkie de Jong,Netherlands,0.8865068618406814,1070
Nahuel Molina Lucero,Argentina,0.8747768113694321,798
Luis Fernando Díaz Marulanda,Colombia,0.8727315914617768,283
Wilfried Stephane Singo,Côte d'Ivoire,0.8713810612587454,332
Ludwig Augustinsson,Sweden,0.8713582452612577,367
Dominik Szoboszlai,Hungary,0.8617442803125374,221
Yahia Attiyat allah,Morocco,0.858427327265965,287
Alessandro Bastoni,Italy,0.8577622186511787,710
Leonardo Bonucci,Italy,0.8558939182711014,780
Ismail Jakobs,Senegal,0.8558637535448472,389
Mesut Özil,Germany,0.8542896045137934,318
Richie Laryea,Canada,0.8492571378755456,247
Sergej Milinković-Savić,Serbia,0.8489366376905136,514
Ahmed Fathy Abdel Meneim Ibrahim,Egypt,0.8446072090248061,229
Ray Kendry Páez Andrade,Ecuador,0.8431772929537764,162
Facundo Pellistri Rebollo,Uruguay,0.8416717937045003,243
José María Giménez de Vargas,Uruguay,0.8384180803744496,736
Lukáš Haraslín,Slovakia,0.8380144100716276,189
Jacinto Muondo Dala,Angola,0.8377878751828762,170
Andriy Yarmolenko,Ukraine,0.8373618744451456,356
Davinson Sánchez Mina,Colombia,0.8322012935647091,846
Riaan Hanamub,Namibia,0.8314616412513419,244
Romelu Lukaku Menama,Belgium,0.8302012685260295,428
Emil Peter Forsberg,Sweden,0.8293798202133214,465
Piero Martín Hincapié Reyna,Ecuador,0.8265683021346255,550
Yoane Wissa,Congo DR,0.8130783265266708,251
Francisco Fernandes Conceição,Portugal,0.8066131406680657,237
Stephen Antunes Eustáquio,Canada,0.7992934546154418,574
Serge Gnabry,Germany,0.7983818868763056,321
Simon Thorup Kjær,Denmark,0.7979669231222257,922
Trent Alexander-Arnold,England,0.7934196538336198,313
Marco Verratti,Italy,0.7916984592613061,781
Enzo Fernandez,Argentina,0.7870462242920976,1173
Mehmet Zeki Çelik,Turkey,0.7839291661542938,325
Cristian Gabriel Romero,Argentina,0.7822252981032862,1240
Pervis Josué Estupiñán Tenorio,Ecuador,0.7813426447509147,279
Thomas Müller,Germany,0.7760329132340402,528
Carlos Henrique Casimiro,Brazil,0.7757629800827863,821
Willian Borges da Silva,Brazil,0.7727077956423667,342
Philip Foden,England,0.7723757912542496,223
Yuto Nagatomo,Japan,0.7707359717781785,445
Obite Evan Ndicka,Côte d'Ivoire,0.7676755896632375,757
Ante Rebić,Croatia,0.7672393295442912,279
Théo Bongonda Mbul'Ofeko Batombo,Congo DR,0.7661210679207139,177
Fabián Ruiz Peña,Spain,0.7638518695030833,889
Leandro Trossard,Belgium,0.7634645356642018,329
Miguel Arturo Layún Prado,Mexico,0.7612592673803745,201
Silvan Widmer,Switzerland,0.7585924102393351,651
Maximiliano Javier Araújo Vilches,Uruguay,0.7583030945321956,182
Ashley Young,England,0.7565648476087913,353
Marcos Llorente Moreno,Spain,0.755931224911023,644
Khvicha Kvaratskhelia,Georgia,0.7537204891780985,184
Oleksandr Karavaev,Ukraine,0.7513415285309994,440
Julio César Enciso Espínola,Paraguay,0.7500428203149268,201
Jannik Vestergaard,Denmark,0.7483820093557709,873
Hiroki Sakai,Japan,0.7476941347424849,319
Tomáš Souček,Czech Republic,0.7461340013997512,481
Angelo Smit Preciado Quiñónez,Ecuador,0.7453025872312511,354
Alex Iwobi,Nigeria,0.7421291881580406,413
Nuno Mendes,Portugal,0.7393130546818864,700
Ferdi Erenay Kadıoğlu,Turkey,0.7360120340806068,468
Xavi Simons,Netherlands,0.7347447887434809,368
Stefan de Vrij,Netherlands,0.732591616058041,1017
Fágner Conserva Lemos,Brazil,0.7261487114101994,375
Lamine Camara,Senegal,0.7258482661355792,220
Sikou Niakate,Mali,0.7250849018348706,523
Florian Wirtz,Germany,0.723709632800539,347
Cyle Larin,Canada,0.723650625864473,175
Logan Costa,Cape Verde Islands,0.7226744875788464,448
Damián Emiliano Martínez,Argentina,0.7191270156070246,553
João Filipe Iria Santos Moutinho,Portugal,0.7175131213240596,315
Ezgjan Alioski,North Macedonia,0.7172581244035652,244
Andrej Kramarić,Croatia,0.7168046420823377,851
Jorge Luiz Frello Filho,Italy,0.711171049568349,1347
Oleksandr Zinchenko,Ukraine,0.7039444962307121,725
Illia Zabarnyi,Ukraine,0.6992887919304898,893
Barış Alper Yılmaz,Turkey,0.6925852758264998,210
Gaku Shibasaki,Japan,0.6923169100749285,373
Éver Maximiliano David Banega,Argentina,0.6849230374481351,373
Abdou Diallo,Senegal,0.6814825305280473,499
Edinson Roberto Cavani Gómez,Uruguay,0.679066871695844,214
Lucas Hernández Pi,France,0.6780596444310358,575
Jorge Eduardo Sánchez Ramos,Mexico,0.6756854302490558,363
Julián Álvarez,Argentina,0.6746050828273256,318
Mohamed Hamdy Sharaf,Egypt,0.6741217983109556,281
Kamory Doumbia,Mali,0.6722374523955832,261
Young-Gwon Kim,South Korea,0.6697390746697973,484
André Martín Carrillo Díaz,Peru,0.6678936542726787,213
Aleksandr Samedov,Russia,0.6649951559777749,232
Alejandro Grimaldo García,Spain,0.6648238491364158,172
Ali Abdi,Tunisia,0.6618624377959432,245
Alexander David González Sibulo,Venezuela,0.6588417982272897,175
Jhon Adolfo Arias Andrade,Colombia,0.6569402808766928,428
Joey Veerman,Netherlands,0.6528920344419858,265
Connor Roberts,Wales,0.648995350623168,351
Maximilian Mittelstädt,Germany,0.6488702075187578,377
Mohamed Salah,Egypt,0.6459743315264117,175
Giovanni Reyna,United States,0.6455861024853091,184
Wojciech Szczęsny,Poland,0.6445041077829805,357
Timo Werner,Germany,0.6408214003399963,198
Salman Mohammed Al Faraj,Saudi Arabia,0.6400142736600706,478
William Troost-Ekong,Nigeria,0.6328628958228611,440
Cristian Jesús Martínez,Panama,0.6315171210816647,260
Henrik Dalsgaard,Denmark,0.6307590520957466,239
Niklas Süle,Germany,0.629042103493248,590
Hamari Traoré,Mali,0.6276605839819841,541
Darwin Gabriel Núñez Ribeiro,Uruguay,0.6250919225910065,234
Victor Nilsson Lindelöf,Sweden,0.621235454596252,511
Joel Nathaniel Campbell Samuels,Costa Rica,0.6206886293811257,430
Samuel Moutoussamy,Congo DR,0.6201296527283501,418
Mykola Shaparenko,Ukraine,0.6162090630152525,632
Dominik Livaković,Croatia,0.6161181017207544,585
Unai Simón Mendibil,Spain,0.6152690307508685,973
Thomas Delaney,Denmark,0.6149529895202018,788
Calvin Bassey Ughelumba,Nigeria,0.613690726859574,403
Mathias Jensen,Denmark,0.6136219989306055,292
Marcos Javier Acuña,Argentina,0.6123466618809668,507
Ronwen Williams,South Africa,0.6120220424746518,407
Stephan Lichtsteiner,Switzerland,0.6089580862302268,224
Éder Gabriel Militão,Brazil,0.6080350236406812,819
Roman Zobnin,Russia,0.6076233204138473,477
Luis Alberto Suárez Díaz,Uruguay,0.6057155786164565,318
Ismael Koné,Canada,0.6020607207964547,509
Pablo Sarabia García,Spain,0.6014560123353092,251
Tajon Buchanan,Canada,0.5983365919451148,220
Ahmed Elsayed Ali Elsayed Hegazy,Egypt,0.5966537441202011,558
Ivan Strinić,Croatia,0.5938566779237191,416
Leandro Daniel Paredes,Argentina,0.591894794837987,652
Edmond Fayçal Tapsoba,Burkina Faso,0.5865397584584743,307
Maximilian Wöber,Austria,0.5839683317071508,186
Thibaut Courtois,Belgium,0.5838360872100229,660
Strahinja Pavlović,Serbia,0.5831096492882618,525
Nikola Milenković,Serbia,0.5813641912999891,824
Basilio Ndong Owono Nchamaaa,Equatorial Guinea,0.5796028881675316,194
Riccardo Calafiori,Italy,0.5794955646929817,426
Jakub Piotr Kiwior,Poland,0.5785317583826836,547
Khuliso Johnson Mudau,South Africa,0.5781087886701,462
Milos Veljkovic,Serbia,0.5779686483238963,648
Daniel Wass,Denmark,0.5739541096288172,308
Steven Zuber,Switzerland,0.5730644240899552,438
Nahuel Adolfo Ferraresi Hernández,Venezuela,0.5706077014554901,261
Jonathan David,Canada,0.5692618517971293,344
Lorenzo Pellegrini,Italy,0.5686085811953638,181
Peter Pekarík,Slovakia,0.5679630720386488,426
Miguel Ángel Trauco Saavedra,Peru,0.5675368582650285,291
Tomáš Holeš,Czech Republic,0.5672758463438827,345
Nicolò Barella,Italy,0.5669823357725882,920
Rúben Diogo Da Silva Neves,Portugal,0.565210245246564,659
Edgar Yoel Bárcenas Herrera,Panama,0.5627418454812213,382
Matty Cash,Poland,0.5623471221162564,220
Filip Kostić,Serbia,0.5612134705915726,253
Jin-Su Kim,South Korea,0.5598928130454022,191
Yann Sommer,Switzerland,0.5592854501991217,809
Steven Moreira,Cape Verde Islands,0.5580494814418873,351
Scott McTominay,Scotland,0.5576392971560842,305
Tijjani Reijnders,Netherlands,0.5570489423011419,500
Presnel Kimpembe,France,0.5553595342222909,618
Gideon Mensah,Ghana,0.5512403750535788,277
Alexander Hartmann Bah,Denmark,0.5510899030969247,320
Mathew Leckie,Australia,0.5507239393065111,306
Jurriën David Norman Timber,Netherlands,0.5498638160284056,748
João Paulo Moreira Fernandes,Cape Verde Islands,0.5498458105527646,338
Nayef Aguerd,Morocco,0.5463433910600601,698
Diogo José Teixeira da Silva,Portugal,0.5450126673299214,255
Jeremie Boga,Côte d'Ivoire,0.5449118107233876,154
Serge Aurier,Côte d'Ivoire,0.5446241240457887,315
Florian Grillitsch,Austria,0.5440101349110453,547
Aïssa Mandi,Algeria,0.5432294519573632,368
Javier Alejandro Mascherano,Argentina,0.5428837109051546,574
Marcus Thuram,France,0.5417611827206842,194
Carlos Alberto Vela Garrido,Mexico,0.5416005749972388,243
Mark Milligan,Australia,0.5400994540711062,436
Ahmed Sayed,Egypt,0.536450090266972,233
William Silva de Carvalho,Portugal,0.535220688357362,867
Kristjan Asllani,Albania,0.5344799030464858,319
Naïm Sliti,Tunisia,0.5340695817582923,212
Mert Müldür,Turkey,0.5326580540808743,376
Ruben Loftus-Cheek,England,0.53210515888182,258
Wataru Endo,Japan,0.5312042478223018,303
Bryan Cristante,Italy,0.5311178691403925,311
Jerdy Schouten,Netherlands,0.5296406002117495,555
Dan Ndoye,Switzerland,0.5288230627907954,223
Diego Roberto Godín Leal,Uruguay,0.5266837951597683,514
Petr Ševčík,Czech Republic,0.524973725406293,217
Gonzalo Ariel Montiel,Argentina,0.5247322592581095,368
Steven Berghuis,Netherlands,0.5247045482152147,254
Álvaro Borja Morata Martín,Spain,0.5243668351847393,498
Manuel Neuer,Germany,0.5231017654884927,746
Mohamed Abdul Shafy Sayed Abouezeid,Egypt,0.5229047507537389,262
Wajdi Kechrida,Tunisia,0.5213028858402546,268
Sofyan Amrabat,Morocco,0.5184144868879638,877
Rayan Aït Nouri,Algeria,0.5144385884980278,344
Max-Alain Gradel,Côte d'Ivoire,0.5139804146520831,197
Augusto de Jesus Corte Real Carneiro,Angola,0.5123043455335312,252
Lautaro Javier Martínez,Argentina,0.5103663471062908,193
Tim Ream,United States,0.510127897679859,653
Felix Eduardo Torres Caicedo,Ecuador,0.5091477103195354,503
Seko Fofana,Côte d'Ivoire,0.5079630141213184,427
Bruno Guimarães Rodriguez Moura,Brazil,0.5077207459652574,486
Matías Nicolás Viña Susperreguy,Uruguay,0.5047379907458066,303
Abdülkerim Bardakcı,Turkey,0.501787248450383,360
Ibrahim Diakité,Guinea,0.5005390985331318,245
Boualem Khoukhi,Qatar,0.49893897882770755,313
Timi Elšnik,Slovenia,0.49827903148334074,190
Sphephelo S''Miso Sithole,South Africa,0.49825372081841035,569
André-Frank Zambo Anguissa,Cameroon,0.4970775924889112,549
Julián Andrés Quiñones Quiñones,Mexico,0.49550871140335473,177
Percy Tau,South Africa,0.4948593716943288,385
Lucas Tolentino Coelho de Lima,Brazil,0.4922543233110889,555
Jesús Daniel Gallardo Vasconcelos,Mexico,0.4914596272689665,460
Daniel Muñoz Mejía,Colombia,0.49036597004029797,315
Karl Brillant Toko Ekambi,Cameroon,0.48938547351251444,201
Andreas Skov Olsen,Denmark,0.4880407159785845,207
Stefan Lainer,Austria,0.4870363321037793,341
Petar Stojanović,Slovenia,0.4867283359633367,186
Maya Yoshida,Japan,0.48667041839119873,837
Omar Federico Alderete Fernández,Paraguay,0.4866570010855436,216
Yassine Bounou,Morocco,0.4862534747150974,395
Hee-Chan Hwang,South Korea,0.48552277857643694,181
Wahbi Khazri,Tunisia,0.4851189732097128,169
Christian Alberto Cueva Bravo,Peru,0.4791143312251444,286
Samuel Yves Umtiti,France,0.4777428207860268,342
Maximiliano Eduardo Meza,Argentina,0.47558534675447284,197
Eduardo Camavinga,France,0.47554161293759134,337
Jan Bednarek,Poland,0.4747788118960069,708
Aleksandar Kolarov,Serbia,0.47425539266240185,193
Luis Francisco Romo Barrón,Mexico,0.4708398152360805,289
Jakub Jankto,Czech Republic,0.47057220723624305,170
Anis Ben Slimane,Tunisia,0.4695143105467085,212
José Ignacio Fernández Iglesias,Spain,0.46842483037330557,415
Aziz Eraltay Behich,Australia,0.4683449653969695,594
Saeid Ezatolahi Afagh,Iran,0.4680434990067053,193
Renato Júnior Luz Sanches,Portugal,0.46627399901440564,361
Vladimír Darida,Czech Republic,0.4658837413601971,197
İlkay Gündoğan,Germany,0.4653755873058017,996
Pablo Ganet Cómitre,Equatorial Guinea,0.46090111255749705,231
José Martín Cáceres Silva,Uruguay,0.460106238051243,469
Moon-Hwan Kim,South Korea,0.45824505048869374,370
Orbelín Pineda Alvarado,Mexico,0.4568182288565013,177
Marek Hamšík,Slovakia,0.4549059048663914,246
Enis Bardhi,North Macedonia,0.4546354924206907,213
Ronald Federico Araújo da Silva,Uruguay,0.4541389819287622,250
Guillermo Varela Olivera,Uruguay,0.4539826548501691,334
Gabriel Alonso Suazo Urbina,Chile,0.45298431104168757,221
Emam Ashour Metwally Abdelghany,Egypt,0.45204617360228466,196
Pape Matar Sarr,Senegal,0.4518115042836171,251
Mohammed Kudus,Ghana,0.45122392811609174,274
Kamil Jóźwiak,Poland,0.4504552302618032,218
Ivan Ilić,Serbia,0.44981254074140575,296
Sergio Fernando Peña Flores,Peru,0.4481385231330877,201
Víctor Yoshimar Yotún Flores,Peru,0.4479903064684765,226
John McGinn,Scotland,0.4471002091096985,217
Falaye Sacko,Mali,0.4465722082252194,377
Francisco Javier Calvo Quesada,Costa Rica,0.4461374383796477,396
Grzegorz Krychowiak,Poland,0.4449695021870446,603
Robin Olsen,Sweden,0.44488072606869106,205
Martin Braithwaite Christensen,Denmark,0.4443014887080329,452
Boubakar Kouyate,Mali,0.44428189671961665,535
Patrick van Aanholt,Netherlands,0.4437407857390812,268
Ben Davies,Wales,0.4424882965122306,385
Tyler Adams,United States,0.44180054398890883,566
Woo-Young Jung,South Korea,0.4410424861887289,444
David Josué Jiménez Silva,Spain,0.4401509298286559,349
Sergei Ignashevich,Russia,0.4382415035138264,187
Aïssa Bilal Laïdouni,Tunisia,0.4377430425270079,377
Issiaga Sylla,Guinea,0.43762498551498147,261
Akram Hassan Afif,Qatar,0.4362028649486049,284
Jon Mikel Aramburu Mejías,Venezuela,0.4350537200988936,175
Andreas Granqvist,Sweden,0.4344433287449612,264
Miguel Ángel Navarro Zárate,Venezuela,0.43186029397479925,208
Gerardo Daniel Arteaga Zamora,Mexico,0.431577767049972,225
Jere Juhani Uronen,Finland,0.43113344374870216,161
João Mário Naval da Costa Eduardo,Portugal,0.4273704525180181,352
Mohammed Al Burayk,Saudi Arabia,0.4262075707998413,460
Aaron Ramsey,Wales,0.4255055405712511,435
Luis Jan Piers Advíncula Castrillón,Peru,0.4249666539949306,263
Edson Omar Álvarez Velázquez,Mexico,0.4227810208910364,469
Georgiy Sudakov,Ukraine,0.42276061510239094,223
Kamal Miller,Canada,0.4227275199024417,386
Issoufou Dayo,Burkina Faso,0.42064486334387863,241
Santiago Arias Naranjo,Colombia,0.4199455519900259,387
Michel Aebischer,Switzerland,0.41791979625393744,430
Mathew Ryan,Australia,0.41734872502609816,368
Mikel Oyarzabal Ugarte,Spain,0.41699254995495516,302
Anga Dedryck Boyata,Belgium,0.41648431183016427,659
Idrissa Gana Gueye,Senegal,0.4163730359522156,457
Kaan Ayhan,Turkey,0.4156027828225564,521
Denis Vavro,Slovakia,0.4154194806771507,399
Nico Schlotterbeck,Germany,0.4150991612879508,348
Oluwasemilogo Adesewo Ibidapo Ajayi,Nigeria,0.41239778046816306,322
Matthias Ginter,Germany,0.4099677480201048,516
Montassar Omar Talbi,Tunisia,0.4098777951594508,449
Richard Rios Montoya,Colombia,0.4084383276229942,333
Edouard Mendy,Senegal,0.4049540340749101,328
Jakub Moder,Poland,0.40403960002949585,231
Kialonda Gaspar,Angola,0.4037254837008067,315
Otar Kakabadze,Georgia,0.4033818822319648,248
Emmanuel Justine Rabby Banda,Zambia,0.40323272179708675,236
Franck Yannick Kessié,Côte d'Ivoire,0.4027477924921025,434
Jeremy Leonel Sarmiento Morante,Ecuador,0.40226256061592336,174
Danilo Luís Hélio Pereira,Portugal,0.4014698790453191,525
Saud Abdullah Abdul Hamid,Saudi Arabia,0.40133996334044403,175
Moriba Kourouma Kourouma,Guinea,0.400947582549601,170
Jan Bořil,Czech Republic,0.40066789317700285,274
Martin Hinteregger,Austria,0.40063099951794645,396
Eric García Martret,Spain,0.4005533884415626,516
Bamidele Alli,England,0.4003117334416604,244
Milan Škriniar,Slovakia,0.39877331973253133,770
Marc Guehi,England,0.39827290663044096,784
Josip Pivarić,Croatia,0.3972741025398432,244
Nico Elvedi,Switzerland,0.3968981291778656,651
Ibrahima Konaté,France,0.3928514070449701,404
Marwan Attia Fahim Ghallab,Egypt,0.3900428631750755,192
Fousseni Diabaté,Mali,0.38973949941785757,163
Thiago Alcântara do Nascimento,Spain,0.3896722222341298,357
Stanley Bobo Nwabali,Nigeria,0.38943828434400485,209
Vitalii Mykolenko,Ukraine,0.38844533932925657,357
Axel Witsel,Belgium,0.38570366365777525,1268
Dávid Hancko,Slovakia,0.383605654522004,274
Lisandro Martínez,Argentina,0.3831051434491504,818
Ilya Kutepov,Russia,0.3830343864295031,210
Alexis Alejandro Sánchez Sánchez,Chile,0.3824808563117923,158
Robin Gosens,Germany,0.3788759390913581,291
Lovro Majer,Croatia,0.3781581240067138,361
Keylor Navas Gamboa,Costa Rica,0.3781456720668221,185
Abdelkarim Hassan Al Haj Fadlalla,Qatar,0.377661409611697,257
Viktor Claesson,Sweden,0.3772633246525042,235
Faustino Marcos Alberto Rojo,Argentina,0.37642433519582164,265
José Ndong Machín Dicombo,Equatorial Guinea,0.3723668322865937,213
Robin Aime Robert Le Normand,Spain,0.37225943496736996,619
Philipp Mwene,Austria,0.3710552419658676,178
Robert Andrich,Germany,0.3706220539740608,395
Albin Ekdal,Sweden,0.3702489018410591,493
Giorgi Kochorashvili,Georgia,0.369752981686347,330
Mohamed Salisu,Ghana,0.3685781956526558,395
Trent Sainsbury,Australia,0.3671960760906696,314
Domagoj Vida,Croatia,0.36669458028387447,749
Nicolae Claudiu Stanciu,Romania,0.36668078678459526,167
Otávio Edmilson da Silva Monteiro,Portugal,0.3654388619978109,205
Nikola Vlašić,Croatia,0.3654263856927166,235
Timothy Castagne,Belgium,0.3627804813510538,685
Leon Goretzka,Germany,0.36255118390484775,247
Jean Michaël Seri,Côte d'Ivoire,0.36217838201412955,349
Deivi Miguel Vieira,Angola,0.3611924734956688,159
Camilo Andrés Vargas Gil,Colombia,0.36085134513697287,240
José Diogo Dalot Teixeira,Portugal,0.3605172842797177,520
Matías Vecino Falero,Uruguay,0.35829824363204105,584
Mohamed Naser Elsayed Elneny,Egypt,0.3564858455777166,453
Héctor Alfredo Moreno Herrera,Mexico,0.35632560125809887,540
Antony Matheus dos Santos,Brazil,0.3560979841415056,205
John Michael Nchekwube Obinna,Nigeria,0.35428553356199083,245
Daniel O''Shaughnessy,Finland,0.353876367618104,205
Enner Remberto Valencia Lastra,Ecuador,0.3520401007558644,163
Alexis Mac Allister,Argentina,0.35055424719007594,863
Liam Millar,Canada,0.3481325052049872,162
Pione Sisto Ifolo Emirmija,Denmark,0.34786031435636144,183
Jonathan Tah,Germany,0.3464329317886879,505
Gonzalo Jordy Plata Jiménez,Ecuador,0.34577189985590895,161
Yahia Fofana,Côte d'Ivoire,0.34562455401609016,187
Carlos Akapo Martínez,Equatorial Guinea,0.3447870091770723,154
Saša Lukić,Serbia,0.3447079249733717,547
Jefferson Andrés Lerma Solís,Colombia,0.3443194484586399,493
Federico Dimarco,Italy,0.3434791368014847,195
Daler Kuzyaev,Russia,0.3421638428019051,318
Andrei Florin Ratiu,Romania,0.3411803922251197,177
Manuel Luís da Silva Cafumana,Angola,0.33943295818951114,310
Neco Williams,Wales,0.3392270812737779,262
Aleksandar Dragović,Austria,0.3370539244019358,372
Adrien Sebastian Perruchet Silva,Portugal,0.33653679050352986,276
Gonçalo Bernardo Inácio,Portugal,0.33532757586470896,266
Wout Faes,Belgium,0.33526776005130016,485
Chris Mepham,Wales,0.334335566889452,407
Jules Olivier Ntcham,Cameroon,0.3336206813249425,304
Takashi Inui,Japan,0.3335407101108709,236
Christian Guillermo Martín Ramos Garagay,Peru,0.3334697326626118,186
Karim Benzema,France,0.33244059405850374,245
Themba Zwane,South Africa,0.3319174376702669,465
Bart Verbruggen,Netherlands,0.33126872866873025,306
Tomáš Hubočan,Slovakia,0.329712436799977,193
Diego Sebastián Laxalt Suárez,Uruguay,0.3294723154290499,169
Giorgi Chakvetadze,Georgia,0.3294016270322429,161
Johan Felipe Vásquez Ibarra,Mexico,0.32746496995231816,322
João Miranda de Souza Filho,Brazil,0.3270214960844004,443
Bryan Oviedo,Costa Rica,0.32445530908256653,222
Gianluigi Donnarumma,Italy,0.32403870536794555,481
Bruno Petković,Croatia,0.32277901923588337,246
Carlos Joel Salcedo Hernández,Mexico,0.32266516098064013,370
Marco Reus,Germany,0.3222494721667627,208
Kamil Glik,Poland,0.32072280631657707,556
Martin Dúbravka,Slovakia,0.32021625441866836,348
Jesse Lingard,England,0.3196894397482175,425
José Andrés Martínez Torres,Venezuela,0.31868979746094006,297
Haris Seferović,Switzerland,0.31727670005756387,197
Giorgio Chiellini,Italy,0.31699842224435776,498
Ibrahim Kone,Guinea,0.3166014745246688,220
Mathias Jørgensen Jatta,Denmark,0.3155442125195299,168
Mohamed Hussein Mohamed,Tanzania,0.31465452682525125,292
Mothobi Mvala,South Africa,0.3141915075335799,478
Nicolas Seiwald,Austria,0.31352048872340305,391
Nicola Zalewski,Poland,0.3124732682405231,213
In-Beom Hwang,South Korea,0.3120825374095255,405
Filipe Luís Kasmirski,Brazil,0.31149631269709943,211
Rafael Enrique Romo Pérez,Venezuela,0.3112629372840659,151
Denis Odoi,Ghana,0.3110866540596126,151
Thomas Teye Partey,Ghana,0.31010512308820376,288
Marius Mihai Marin,Romania,0.30971252455133147,151
Robert Lewandowski,Poland,0.30938956337348156,459
Yunus Dimoara Musah,United States,0.30924596987955444,381
Mouctar Diakhaby,Guinea,0.3085956493417206,301
Diogo Meireles Costa,Portugal,0.30855968801913236,417
Adalberto Eliécer Carrasquilla Alcázar,Panama,0.3082321373093697,189
Ngoran Suiru Fai Collins,Cameroon,0.308206462791471,192
Nampalys Mendy,Senegal,0.3068444681437999,364
Henoc Inonga Baka,Congo DR,0.3066235357422646,322
Lucas Torreira Di Pascua,Uruguay,0.3064723788809887,236
Odilon Kossonou,Côte d'Ivoire,0.3062721697098508,247
Thomas Vermaelen,Belgium,0.30626718246280654,451
Xaver Schlager,Austria,0.3060878090576625,266
Mohamed Abdelmonem,Egypt,0.3054610059923805,488
Matthew Charles Turner,United States,0.3054279142463665,268
Mile Jedinak,Australia,0.3051065072652835,253
Óscar Esau Duarte Gaitán,Costa Rica,0.30470699996277223,249
Alisson Ramsés Becker,Brazil,0.3037804524594757,415
Ehsan Hajsafi,Iran,0.3030819623934476,212
Gustavo Fabrice Sangaré,Burkina Faso,0.3029664958508167,197
Konrad Laimer,Austria,0.3026392291474023,411
Abdullah Ibrahim Otayf,Saudi Arabia,0.30262702309069606,452
Oghenekaro Etebo,Nigeria,0.30221953016281217,274
Jackson Irvine,Australia,0.30181895222804944,205
Michał Pazdan,Poland,0.30179342114930247,246
Samet Akaydin,Turkey,0.30117525962212394,337
Sergio Rochet Álvarez,Uruguay,0.2970921827830777,254
Moise Bombito,Canada,0.2966220073297581,453
Marc Cucurella Saseta,Spain,0.2959890916543081,612
Victor Moses,Nigeria,0.29556801001213956,176
Youssef Msakni,Tunisia,0.2947685565047796,223
Kennedy Amutenya,Namibia,0.2944830101502973,160
Maarten Stekelenburg,Netherlands,0.29337677321155275,185
Abdalla Mahmoud El Said Bekhit,Egypt,0.29333856718747436,201
Kristoffer Olsson,Sweden,0.29293017851396164,264
Eric Dier,England,0.2928543462726454,411
Marouane Fellaini-Bakkioui,Belgium,0.29276482302702056,231
William Saliba,France,0.2923591017612993,685
João Maria Lobo Alves Palhinha Gonçalves,Portugal,0.2894847991982377,462
Harry Souttar,Australia,0.2891353764007556,244
Marcus Rashford,England,0.28901351278632426,360
Pedro Lomba Neto,Portugal,0.28878714769357305,160
Willi Orban,Hungary,0.2881984419716833,330
Christopher Wooh,Cameroon,0.28774190934536664,339
Lasse Schöne,Denmark,0.2873135255136903,210
Celso Borges Mora,Costa Rica,0.2872338589516371,345
Fedor Kudryashov,Russia,0.2871182255976161,156
Min Jae Kim,South Korea,0.286303413560524,307
Kenan Yildiz,Turkey,0.28613743898830146,219
Corentin Tolisso,France,0.285728847461379,340
Noussair Mazraoui,Morocco,0.28550166404038546,236
Selim Amallah,Morocco,0.2852321371199422,242
Maciej Rybus,Poland,0.282317280823677,177
Gen Shōji,Japan,0.2810471862034979,306
Caglar Söyüncü,Turkey,0.2810158814885449,295
Willian Joel Pacho Tenorio,Ecuador,0.2808692198613158,249
Josimar José Évora Dias,Cape Verde Islands,0.2805558517659318,237
Aprocious Petrus,Namibia,0.2801900854174147,173
Yuri Zhirkov,Russia,0.27921389800755136,159
Attila Szalai,Hungary,0.2771371319426801,264
Joseff Morrell,Wales,0.27679614215113707,216
Oumar Diakité,Côte d'Ivoire,0.2761955442704298,188
Kevin Danso,Austria,0.27530178335155747,280
Lukáš Masopust,Czech Republic,0.2743468821698505,197
Juraj Kucka,Slovakia,0.27370986457178265,356
Youcef Atal,Algeria,0.2734835555520501,222
Edson André Sitoe,Mozambique,0.27298712086119814,280
José Luis Rodríguez Francis,Panama,0.2723100556223198,172
Shinji Kagawa,Japan,0.27116101620922195,233
Vanja Milinković Savić,Serbia,0.270843229266489,164
Fali Candé,Guinea-Bissau,0.2706731379981337,152
Morgan Guilavogui,Guinea,0.26951199857956665,154
Alex Sandro Lobo Silva,Brazil,0.2681890195494827,281
Rasmus Nissen Kristensen,Denmark,0.2680740650035175,268
Ryan Gravenberch,Netherlands,0.2663858921926734,172
Fabian Rieder,Switzerland,0.2658198364335067,181
Danijel Subašić,Croatia,0.2650265826064711,231
Kobbie Mainoo,England,0.264642867568664,365
Nélson Cabral Semedo,Portugal,0.2645649155189234,371
Ibrahim Sangaré,Côte d'Ivoire,0.2641543711542701,346
Luka Sučić,Croatia,0.2624841955882849,159
Francisco Guillermo Ochoa Magaña,Mexico,0.2619499822585944,259
Josh Risdon,Australia,0.26127491214973264,216
Vincent Kompany,Belgium,0.26015411261702504,474
Jefferson Anilson Silva Encada,Guinea-Bissau,0.25905439864006735,159
Mario Pašalić,Croatia,0.2588972545816457,277
Naby Deco Keïta,Guinea,0.2576704777975445,162
Teun Koopmeiners,Netherlands,0.25671400156779656,194
Jonathan Osorio,Canada,0.25568417024173745,348
Kingsley Coman,France,0.2556292933689787,238
Nouhou Tolo,Cameroon,0.2545584757687768,308
Andries Noppert,Netherlands,0.2535299763842615,250
Ellyes Joris Skhiri,Tunisia,0.25311245977801866,653
Timothy Weah,United States,0.2523640670737482,257
Nicolás Iván González,Argentina,0.2521087560001796,150
Sebastián Coates Nión,Uruguay,0.2510725320324004,246
Jae-Sung Lee,South Korea,0.2510655725310935,357
José Andrés Guardado Hernández,Mexico,0.25046435973836784,257
Yasir Gharsan Al Shahrani,Saudi Arabia,0.2504507807978712,340
Edgardo Isaac Fariña Wynter,Panama,0.24963467351922586,296
Daniel Amartey,Ghana,0.24962476247315898,245
Reinildo Isnard Mandava,Mozambique,0.2473227105599386,235
Marco Asensio Willemsen,Spain,0.24627821436118338,316
Nordin Amrabat,Morocco,0.24608340913196688,167
Nemanja Matić,Serbia,0.24587971971396852,230
Gabriel Fernando de Jesus,Brazil,0.24562762494257456,227
Ethan Ampadu,Wales,0.24331395699205738,257
Kevin Lenini Gonçalves Pereira de Pina,Cape Verde Islands,0.24315809293789228,332
Yong Lee,South Korea,0.24286223433602294,159
Daniel Alves da Silva,Brazil,0.2402726782529504,156
Ibán Salvador Edu,Equatorial Guinea,0.23992294862580116,160
Pape Gueye,Senegal,0.23899537672503865,332
Roman Yaremchuk,Ukraine,0.2369687869703618,248
Yussuf Yurary Poulsen,Denmark,0.23619893079753865,321
Salif Sané,Senegal,0.23587127119730328,172
Maxime Crépeau,Canada,0.23570337564597005,168
Mauricio Aníbal Isla Isla,Chile,0.23460143665449956,237
Stopilla Sunzu,Zambia,0.23457236961591432,274
Eduardo Antonio Salvio,Argentina,0.2345443438084535,170
Christian Nørgaard,Denmark,0.2335995414565173,256
Daichi Kamada,Japan,0.23321622416346313,179
Ramy Bensebaini,Algeria,0.23258716273275964,230
Mario Mandžukić,Croatia,0.23221409402202908,206
Lubeni Haukongo,Namibia,0.23104220263853603,177
Arthur Theate,Belgium,0.23083927486238906,312
Ferjani Sassi,Tunisia,0.23056757621261503,309
Frank Onyeka,Nigeria,0.23038902600339284,316
Morteza Pouraliganji,Iran,0.22985308807716648,246
Lasha Dvali,Georgia,0.22805803250399256,216
Édison Michael Flores Peralta,Peru,0.22765747939381117,226
András Schäfer,Hungary,0.22732066708987236,334
Ethan Pinnock,Jamaica,0.22521436707886375,248
António João Pereira Albuquerque Tavares Silva,Portugal,0.22374822408008957,217
Dylan Batubinsika,Congo DR,0.22325236035644264,288
Tomáš Kalas,Czech Republic,0.22172190642474285,311
Georgiy Dzhikiya,Russia,0.2212157507275206,215
Kasey Palmer,Jamaica,0.2190263708837952,153
Mehdi Taremi,Iran,0.21870735549524462,194
Youssouf Fofana,France,0.21834101154540297,235
Ibrahim Blati Touré,Burkina Faso,0.2176597808739154,205
Jovane Eduardo Borges Cabral,Cape Verde Islands,0.21640002982974257,212
Mohammed Kanoo,Saudi Arabia,0.21530611819036138,244
Viktor Tsygankov,Ukraine,0.2138419805643328,180
Žan Karničnik,Slovenia,0.21187655806118139,289
José Ángel Córdoba Chambers,Panama,0.21133007631678086,333
Igor Diveev,Russia,0.21117467756891858,172
Orlando Mosquera,Panama,0.2105546997963419,157
Gerard Moreno Balaguero,Spain,0.21046156418228215,215
Daniel Vivian Moreno,Spain,0.20995614069932747,195
Lionel Mpasi-Nzau,Congo DR,0.20895157827632965,203
Guilherme Antonio Arana Lopes,Brazil,0.20885684982210279,230
Francesco Acerbi,Italy,0.20865942844990965,285
Medhi Amine El Mouttaqi Benatia,Morocco,0.20807530006935518,198
Nicușor Silviu Bancu,Romania,0.20805246896775015,193
Daniel Bachmann,Austria,0.2075071072947434,216
Steven de Sousa Vitoria,Canada,0.20695839310520606,296
Gabriel Iván Mercado,Argentina,0.20633119475571532,307
Heorhii Bushchan,Ukraine,0.20560648153267463,171
Adam Gnezda Čerin,Slovenia,0.20526794054997538,253
Djibril Sidibé,France,0.20430657802416716,164
Ryan Isaac Mendes da Graça,Cape Verde Islands,0.20354312990840998,257
Carlos Eccehomo Cuesta Figueroa,Colombia,0.20331486733295792,422
Patrick Pentz,Austria,0.20319136125902684,220
Ádám Nagy,Hungary,0.20280116126081685,258
Dylan Daniel Mahmoud Bronn,Tunisia,0.20067218125460123,226
Kalvin Phillips,England,0.1997428331834769,583
Patrik Schick,Czech Republic,0.19956050294475752,217
Marcus Berg,Sweden,0.19949810815874477,172
Joe Rodon,Wales,0.19940051264142822,458
Philipp Lienhart,Austria,0.19636131173447646,290
Arijan Ademi,North Macedonia,0.19627127663851196,171
Jack Hendry,Scotland,0.19558754414778307,233
Hidemasa Morita,Japan,0.19507396163788332,252
Georginio Wijnaldum,Netherlands,0.1943012147758038,260
Tomáš Vaclík,Czech Republic,0.19371092237030132,167
Yangel Clemente Herrera Ravelo,Venezuela,0.19293810679595297,291
Gomolemo Grant Kekana,South Africa,0.19272769674594104,366
Kieran Tierney,Scotland,0.19268151407130732,273
Mathías Adalberto Villasanti Rolón,Paraguay,0.19221350812409999,184
Ramiz Larbi Zerrouki,Algeria,0.19120840477382317,258
Cédric Ricardo Alves Soares,Portugal,0.1903099877788628,225
Blaise Matuidi,France,0.1899011048345193,196
Willy Afonso Semedo Johnson,Cape Verde Islands,0.1897050000530214,161
Ricardo Martins Guimarães,Mozambique,0.18937526172203611,225
Jovani Francisco Welch Lopez,Panama,0.18859134861822952,150
Willy Boly,Côte d'Ivoire,0.1885330926400563,212
Stefan Ristovski,North Macedonia,0.1884856608743179,252
Péter Gulácsi,Hungary,0.18817781300935085,257
Emerson Palmieri dos Santos,Italy,0.1879472757532164,253
Mbark Boussoufa,Morocco,0.18781733862971375,207
Marcus Andreas Danielsson,Sweden,0.18779815142307588,244
Yordan Hernando Osorio Paredes,Venezuela,0.18775371383954498,338
Josip Šutalo,Croatia,0.1868191158807068,476
Andrei Burcă Andonie,Romania,0.18551601107914076,218
Danny Rose,England,0.1848096001960428,175
Yerry Fernando Mina González,Colombia,0.18385570276161073,331
Attila Fiola,Hungary,0.18220554640502665,230
Ibrahima Keita,Mauritania,0.18216847017591978,176
Derek Cornelius,Canada,0.17848243936240396,278
Roderick Alonso Miller Molina,Panama,0.17784167671375958,190
Kendall Jamaal Waston Manley,Costa Rica,0.17779614425298873,172
Robin Lod,Finland,0.1769291023417369,184
Frankie Musonda,Zambia,0.17689287605322374,299
Phil Jones,England,0.17597029709962933,262
Roberto Lopes,Cape Verde Islands,0.1753602191352351,302
Ondrej Celustka,Czech Republic,0.1752164596599293,279
Rui Pedro dos Santos Patrício,Portugal,0.1751427057746948,226
Nabil Bentaleb,Algeria,0.1747135314252088,196
Fakhreddine Ben Youssef,Tunisia,0.1743158382436983,153
Victor James Osimhen,Nigeria,0.17429563631279604,154
Stanislav Lobotka,Slovakia,0.17400239691252867,469
Marko Arnautović,Austria,0.17288918452925947,205
Seyed Majid Hosseini,Iran,0.17208652995410592,211
Merih Demiral,Turkey,0.17173353251124612,385
Fabián Cornelio Balbuena González,Paraguay,0.1689928487241601,176
Reece James,England,0.16794817463621461,155
Duje Ćaleta-Car,Croatia,0.16788457227281695,214
Aníbal Cesis Godoy,Panama,0.1674034913012008,185
Joseph Scally,United States,0.1663073936243094,153
Amadou Haïdara,Mali,0.16563960958986912,195
Walker Zimmerman,United States,0.16551902163603457,398
José Paulo Bezzera Maciel Júnior,Brazil,0.1653559359612423,276
Phil Foden,England,0.1645548295897724,741
Saúl Basilio Coco-Bassey Oubiña,Equatorial Guinea,0.16403331203863503,238
Kasper Dolberg,Denmark,0.16310289277684625,160
Glen Kamara,Finland,0.15763407552893954,296
Kenneth Josiah Omeruo,Nigeria,0.15746978741730386,179
Bakari Nondo Mwamnyeto,Tanzania,0.15734103210840972,305
Joe Allen,Wales,0.1569562350419616,256
Vanja Drkušić,Slovenia,0.15662183791272116,152
Mike Maignan,France,0.15657448820060899,236
Jonas Older Wind,Denmark,0.15640805178087108,169
Eljif Elmas,North Macedonia,0.1553616008465698,202
Julian Jeanvier,Guinea,0.15359109732332632,286
Martín Zubimendi Ibáñez,Spain,0.1530146535521481,200
Siyanda Xulu,South Africa,0.15294675345273978,286
Igor Lichnovsky Osorio,Chile,0.15287000140024778,269
Fabian Delph,England,0.1517051121699414,287
José Manuel Sagredo Chávez,Bolivia,0.15126881981863863,195
Mario Mitaj,Albania,0.1493248516953374,241
Ľubomír Šatka,Slovakia,0.1458942216702119,333
Ali Albulayhi,Saudi Arabia,0.14381628852297568,198
Dmitriy Barinov,Russia,0.14370785327761823,167
Ousmane Diomande,Côte d'Ivoire,0.14275572922119759,204
Olivier Giroud,France,0.1422876192409908,306
Omar Colley,Gambia,0.14207989980336302,162
Seung-Gyu Kim,South Korea,0.14183722411968455,161
Jason Denayer,Belgium,0.14162311567187416,280
Moussa Niakhate,Senegal,0.14157745927398652,179
Kenny Rocha Santos,Cape Verde Islands,0.14127478729940593,211
Julian Draxler,Germany,0.1410053820452796,151
Matthijs de Ligt,Netherlands,0.14099430059648654,296
Joona Toivio,Finland,0.13913058577753293,169
Jonas Hector,Germany,0.13855267302712224,172
Thapelo James Morena,South Africa,0.13734684494288743,164
Koen Casteels,Belgium,0.13696622862419283,202
Leon Aderemi Balogun,Nigeria,0.1369333243342008,165
Ladislav Krejčí,Czech Republic,0.1362424934452689,213
Tarek Hamed,Egypt,0.1359732879275763,212
Eddie Marcos Melo Afonso,Angola,0.13544292648146192,246
Darko Velkovski,North Macedonia,0.1346508836664699,183
Luis Fernando Haquín Lopez,Bolivia,0.13456026380741495,217
Amadou Diawara,Guinea,0.13407368738273062,235
Zeno Debast,Belgium,0.13365896819400797,178
Pedro Miguel Correia,Qatar,0.13312618437822157,164
Chris Richards,United States,0.13302381286969292,229
Ko Itakura,Japan,0.13253210990971304,187
Federico Bikoro Akieme Nchama,Equatorial Guinea,0.1321051310731256,234
Héctor Manuel Cuellar Rosales,Bolivia,0.13174124566224443,214
Valon Behrami,Switzerland,0.13136229513332492,415
İsmail Yüksek,Turkey,0.13017487196463376,163
Krystian Bielik,Poland,0.1295620815577785,162
Răzvan Gabriel Marin,Romania,0.12893818024407883,187
Steven Bergwijn,Netherlands,0.12846132494663778,219
Orkun Kökçü,Turkey,0.12764321305205317,218
Amadou Onana,Belgium,0.1269046808567499,525
Scott McKenna,Scotland,0.12666845740726296,163
Sebastián Enzo Cáceres Ramos,Uruguay,0.12586161638559784,161
Salis Abdul Samed,Ghana,0.12497231716240029,377
Emre Can,Germany,0.12461267809822624,209
Onyinye Wilfred Ndidi,Nigeria,0.12453887769796038,240
David Alberto Guzmán Pérez,Costa Rica,0.1242856684430329,175
José Miguel da Rocha Fonte,Portugal,0.12404793638222747,270
Mikel Merino Zazón,Spain,0.12304715062831541,229
Michael Hector,Jamaica,0.1201381439798481,151
James Gomez,Gambia,0.11918174593968395,153
Alejandro Balde Martínez,Spain,0.11909966796772142,218
Jawad El Yamiq,Morocco,0.11907350994412896,266
Fernando Luiz Roza,Brazil,0.11899315404046401,193
Alexander Djiku,Ghana,0.1189445596099422,190
Bryan Ruiz González,Costa Rica,0.11824889504183267,243
Ciro Immobile,Italy,0.11822341736399346,224
Ondrej Duda,Slovakia,0.1167478766716442,411
Achraf Dari,Morocco,0.11338161772527731,175
Paulo César Díaz Huincales,Chile,0.11337915748548659,211
Wílmar Enrique Barrios Terán,Colombia,0.11274769302952926,209
Radu Drăgușin,Romania,0.11271029031423073,173
Hyun-Soo Jang,South Korea,0.11226812192648393,150
Nemanja Gudelj,Serbia,0.1100707023132832,194
Juan Pablo Vargas Campos,Costa Rica,0.10691322688278374,174
Guram Kashia,Georgia,0.10652985541060304,181
Artem Dzyuba,Russia,0.10546934921195611,251
Jonathan Buatu Mananga,Angola,0.10529953326540548,216
Edmilson Gabriel Dove,Mozambique,0.1048420186690755,175
Julio José González Vela-Alvizu,Mexico,0.10219458140561502,151
Osama Abdulrezag Hawsawi,Saudi Arabia,0.10219118855953457,204
Ibrahim Abdallah Hamad,Tanzania,0.10192609909389935,317
Kye Rowles,Australia,0.10126011289442917,297
Alfons Amade,Mozambique,0.10114973582274973,187
Berat Djimsiti,Albania,0.0993343524775196,230
Joël Latibeaudiere,Jamaica,0.09837726751217568,179
Leander Dendoncker,Belgium,0.09601225346115615,485
Genki Haraguchi,Japan,0.09375637903320691,163
Marin Pongracic,Croatia,0.09373095058947123,212
Josip Stanišić,Croatia,0.0922766818608727,287
Atiba Hutchinson,Canada,0.09180067016501717,184
Makoto Hasebe,Japan,0.08840590159055811,346
Anzor Mekvabishvili,Georgia,0.08793924888301771,159
Manuel Ugarte Ribeiro,Uruguay,0.08596354617554122,407
Charles Pickel,Congo DR,0.08577690170014834,279
Hussain Al Mogahwi,Saudi Arabia,0.084188440744257,209
Hotaru Yamaguchi,Japan,0.08047558825035145,162
Hamdi Fathi,Egypt,0.07317200113545409,284
Karim El Ahmadi Al Aroos,Morocco,0.07277289277201351,162
Janio Bikel Figueiredo Silva,Guinea-Bissau,0.07047672787587389,227
Germán Alejandro Pezzella,Argentina,0.06946309584262164,196
Yves Bissouma,Mali,0.0688044576053175,164
Damián Josué Bobadilla Benítez,Paraguay,0.06687267946815448,158
Endre Botka,Hungary,0.0662898037716322,167
Adrián Andrés Cubas,Paraguay,0.06421290036372762,157
Mohamed Amine Tougai,Algeria,0.06257309069204058,162
Esteban Orozco Fernández,Equatorial Guinea,0.062037081376951526,180
Omaré Gassama,Mauritania,0.06185201116828219,152
Gabriel Enrique Gómez Girón,Panama,0.06178523851854726,186
Tyrone Mings,England,0.059604760454138796,222
Karim Boudiaf,Qatar,0.059506537076199864,181
Manuel Locatelli,Italy,0.058665084102232784,233
Exequiel Alejandro Palacios,Argentina,0.05837701345143445,181
Djibril Sow,Switzerland,0.05829510547623882,183
Evidence Makgopa,South Africa,0.057839709379249545,191
Mousa Sidi Yaya Dembélé,Belgium,0.05760924897851111,203
Yury Gazinskiy,Russia,0.0553733520513644,188
Billy Gilmour,Scotland,0.05479953913087712,247
Jhegson Sebastián Méndez Carabalí,Ecuador,0.05475884544049789,238
Arlind Afrim Ajeti,Albania,0.05461666724281111,168
Pablo Martín Páez Gavira,Spain,0.05433021150432589,280
Erick Antonio Pulgar Farfán,Chile,0.051029374695496676,161
Ylber Ramadani,Albania,0.050652316098093286,190
Serhii Sydorchuk,Ukraine,0.04685112189633926,325
Matteo Darmian,Italy,0.04677474378628435,179
Nicolò Fagioli,Italy,0.04423789533185282,174
Okay Yokuşlu,Turkey,0.04341480089170639,173
Grant Campbell Hanley,Scotland,0.04252783622067084,363
Anice Badri,Tunisia,0.04101176251341147,164
Visar Musliu,North Macedonia,0.0391006643438868,167
Himid Mao Mkami,Tanzania,0.03877778900590678,228
Nicolas Alexis Julio N'Koulou Ndoubena,Cameroon,0.037366391502837236,158
Younès Belhanda,Morocco,0.035585156195078835,177
Enzo Nicolás Pérez,Argentina,0.033619764796672655,213
Sami Khedira,Germany,0.03361797106732091,171
Mateusz Andrzej Klich,Poland,0.03255355118782963,170
Blerim Džemaili,Switzerland,0.03245880416913447,165
Che Adams,Scotland,0.022216452319567932,158
Marten de Roon,Netherlands,0.021760589853714107,415
Brandon Aguilera Zamora,Costa Rica,0.020532685661250667,158
Giovani Lo Celso,Argentina,0.019020070785556946,154
Serhiy Kryvtsov,Ukraine,0.016808558543359116,188
Homam Alamin Ahmed,Qatar,0.012143781880794053,150
Lassine Sinayoko,Mali,0.006575103786281768,179
Alan Steven Franco Palma,Ecuador,0.0055548444975080605,178
João Victor Gomes da Silva,Brazil,0.0029029057725685134,326
Morten Hjulmand,Denmark,-0.003243736430150263,376
Andrés Mateus Uribe Villa,Colombia,-0.0048324118224657734,321
Pedro Jesús Aquino Sánchez,Peru,-0.008090841658322294,166
Gabriel Alejandro Villamíl Cortéz,Bolivia,-0.012298848596119082,192
Taras Stepanenko,Ukraine,-0.018148437434511847,265
Aleksandar Mitrović,Serbia,-0.03016957713646059,282
Lassana Coulibaly,Mali,-0.033574246495752344,235
Callum McGregor,Scotland,-0.03477847701832734,368
Faisal Salum Abdalla,Tanzania,-0.05014389343474139,172
Jaka Bijol,Slovenia,-0.06887030649576995,205
Radamel Falcao García Zárate,Colombia,-0.08104478603791283,186
Kieffer Roberto Francisco Moore,Wales,-0.17655255307835307,159
